{"cameraMode":{"drawMode":0,"name":"Shaded","section":"Shading Mode"},"sceneLighting":true,"audioPlay":false,"sceneViewState":{"m_AlwaysRefresh":false,"showFog":true,"showSkybox":true,"showFlares":true,"showImageEffects":true,"showParticleSystems":true,"showVisualEffectGraphs":true,"m_FxEnabled":true},"in2DMode":false,"pivot":{"x":6.294476509094238,"y":-13.591042518615723,"z":75.61607360839844},"rotation":{"x":-0.10624390840530396,"y":-0.034881170839071277,"z":0.0037337327376008035,"w":-0.9937381744384766},"size":46.6734733581543,"orthographic":false}